condition,condition_state,event_percentage,event_low,event_high,rate_100k,rate_100k_low,rate_100k_high
average,0,0.08851401932504623,0.08422853736451574,0.09292805287924485,8851.401932504623,8422.853736451574,9292.805287924486
